神魔斗气毒剑宗,来不及第一,452253,东方玄幻,https://www.17k.com/book/3188985.html,https://user.17k.com/see/www/63878582.html,
战皇,傲天无痕,7085451,异界大陆,https://www.17k.com/book/85549.html,https://user.17k.com/see/www/2951437.html,
斗魂,云泪天雨,5053864,异界大陆,https://www.17k.com/book/76534.html,https://user.17k.com/see/www/2275184.html,
系统觉醒:穿越斗气世界,沐车干,8952,异界大陆,https://www.17k.com/book/3402290.html,https://user.17k.com/see/www/92037853.html,
你会斗气化马，我能融合机甲,凌夕晨阳,383816,东方玄幻,https://www.17k.com/book/3369922.html,https://user.17k.com/see/www/63129165.html,
傲世炎神,青衣神,3639003,东方玄幻,https://www.17k.com/book/89967.html,https://user.17k.com/see/www/3323124.html,
斗气的九大世界,铭渊,2070,异界大陆,https://www.17k.com/book/3435522.html,https://user.17k.com/see/www/95363833.html,
九劫神帝,天下无人便是王,2935299,东方玄幻,https://www.17k.com/book/1267975.html,https://user.17k.com/see/www/28669414.html,
全系法师,冬天去看雪,3098452,异界大陆,https://www.17k.com/book/189916.html,https://user.17k.com/see/www/16296835.html,
武控天下,南极坡,2937617,异界大陆,https://www.17k.com/book/180599.html,https://user.17k.com/see/www/15817540.html,
焚神,焚峰,1608620,东方玄幻,https://www.17k.com/book/170807.html,https://user.17k.com/see/www/15190906.html,
异世龙神,天灰以后,2189830,异界大陆,https://www.17k.com/book/74993.html,https://user.17k.com/see/www/2485958.html,
战神诀,我太坏,1538095,异界大陆,https://www.17k.com/book/95497.html,https://user.17k.com/see/www/3543829.html,
空间剑神,藏獒兄,1462664,西方奇幻,https://www.17k.com/book/97476.html,https://user.17k.com/see/www/3531311.html,
厄雷传,钴蓝,5270437,异界大陆,https://www.17k.com/book/781823.html,https://user.17k.com/see/www/33377363.html,
超级驭兽师,阿恋,1016671,异界大陆,https://www.17k.com/book/103298.html,https://user.17k.com/see/www/3931911.html,
狼神契约,墨茗,1150722,奇幻修真,https://www.17k.com/book/58005.html,https://user.17k.com/see/www/2053386.html,
仙剑神录,偶米粉,1616544,异世争霸,https://www.17k.com/book/508182.html,https://user.17k.com/see/www/27153538.html,
重生异界之踏上巅峰,伤感的情歌,1017181,异界大陆,https://www.17k.com/book/1021315.html,https://user.17k.com/see/www/3542343.html,
乾坤斗神,月召,970426,异界大陆,https://www.17k.com/book/136859.html,https://user.17k.com/see/www/5680302.html,
神魔斗气毒剑宗,来不及第一,452253,东方玄幻,https://www.17k.com/book/3188985.html,https://user.17k.com/see/www/63878582.html,
战皇,傲天无痕,7085451,异界大陆,https://www.17k.com/book/85549.html,https://user.17k.com/see/www/2951437.html,
斗魂,云泪天雨,5053864,异界大陆,https://www.17k.com/book/76534.html,https://user.17k.com/see/www/2275184.html,
系统觉醒:穿越斗气世界,沐车干,8952,异界大陆,https://www.17k.com/book/3402290.html,https://user.17k.com/see/www/92037853.html,
你会斗气化马，我能融合机甲,凌夕晨阳,383816,东方玄幻,https://www.17k.com/book/3369922.html,https://user.17k.com/see/www/63129165.html,
傲世炎神,青衣神,3639003,东方玄幻,https://www.17k.com/book/89967.html,https://user.17k.com/see/www/3323124.html,
斗气的九大世界,铭渊,2070,异界大陆,https://www.17k.com/book/3435522.html,https://user.17k.com/see/www/95363833.html,
九劫神帝,天下无人便是王,2935299,东方玄幻,https://www.17k.com/book/1267975.html,https://user.17k.com/see/www/28669414.html,
全系法师,冬天去看雪,3098452,异界大陆,https://www.17k.com/book/189916.html,https://user.17k.com/see/www/16296835.html,
武控天下,南极坡,2937617,异界大陆,https://www.17k.com/book/180599.html,https://user.17k.com/see/www/15817540.html,
焚神,焚峰,1608620,东方玄幻,https://www.17k.com/book/170807.html,https://user.17k.com/see/www/15190906.html,
异世龙神,天灰以后,2189830,异界大陆,https://www.17k.com/book/74993.html,https://user.17k.com/see/www/2485958.html,
战神诀,我太坏,1538095,异界大陆,https://www.17k.com/book/95497.html,https://user.17k.com/see/www/3543829.html,
空间剑神,藏獒兄,1462664,西方奇幻,https://www.17k.com/book/97476.html,https://user.17k.com/see/www/3531311.html,
厄雷传,钴蓝,5270437,异界大陆,https://www.17k.com/book/781823.html,https://user.17k.com/see/www/33377363.html,
超级驭兽师,阿恋,1016671,异界大陆,https://www.17k.com/book/103298.html,https://user.17k.com/see/www/3931911.html,
狼神契约,墨茗,1150722,奇幻修真,https://www.17k.com/book/58005.html,https://user.17k.com/see/www/2053386.html,
仙剑神录,偶米粉,1616544,异世争霸,https://www.17k.com/book/508182.html,https://user.17k.com/see/www/27153538.html,
重生异界之踏上巅峰,伤感的情歌,1017181,异界大陆,https://www.17k.com/book/1021315.html,https://user.17k.com/see/www/3542343.html,
乾坤斗神,月召,970426,异界大陆,https://www.17k.com/book/136859.html,https://user.17k.com/see/www/5680302.html,
